GAACC$GAAA,A
CAC$AA,C
GA$AAUG,K
CGACC$AAA,C
CAC$C,C
GGAA$AGGAA,K
GAAC$UCAGUA,S
UAA$GAA,A
GAACA$CGAA,A
GAAC$CAAUA,S
GGGAG$CAGAGAUC,K
CACUC$GAAA,C
GAA$GGAG,K
CGA$GUUUGAC,K
GAACU$UAGUC,S
UUUGAA$GGA,K
GACGAA$CGA,K
AUAA$GAA,A
GGA$GAUGAA,K
UAA$GAAA,A
UAA$GAAAU,A
GGA$GUGGAU,K
AAAU$GGAA,A
GAA$UAA,A
AUUA$GAA,A
AUCA$GACGAC,K
CUGUGAACC$GGGGAG,K
UGA$CGUGAU,K
CAAC$CGAAC,A
GGA$AGAGAU,K
GUAA$GAAA,A
GA$ACAAA,K
UGCGAA$GGA,K
GACC$CAGUA,S
ACAA$G,C
GGA$GAAGAA,K
AUAA$GAAG,A
CAC$A,C
UUA$GAA,A
AGUA$GCAGAUA,K
GAAC$UAGUA,S
AAUGA$GA,K
GAAC$AAGUA,S
UGA$AUGAU,K
CAA$G,C
GAUGAA$GGA,K
CAA$GAAA,A
CGGAGAA$GGAG,K
CAC$G,C
GAAC$CAGUA,S
GACC$CAGA,S
AUGGAA$GGA,K
CUAGACA$CGA,K
