AUUGAAGC,T
GGAA,G
UUCGAUU,T
AAGACGA,T
CCGUAAA,T
CUGUAGA,T
GGAG,G
CUCAUAC,T
AUUAGAUAC,T
CUUACGA,T
CUUUCAC,T
GUAA,G
CUGAAAA,T
CUGUAAA,T
UGAAGAUG,T
GCGA,G
GAGA,G
UUUUA,T
AAGACCA,T
AAGUGCAA,T
GGCGAAA,T
UGAGAU,T
GGCGAA,T
UUGCAAA,T
GUAACGG,T
GAUA,G
GUGUGGAA,T
UUCGAAU,T
GGGA,G
UUAGGUAG,T
GUGGCG,T
UUCAAAU,T
GUAAUGG,T
AGUAACGAA,T
GUAAGAG,T
UACG,U
UUCGAGU,T
GUAAGUU,T
UUCG,U
GUCCACA,T
UUCGACU,T
UUGAAAA,T
GAAA,G
AUAAUG,T
UUUAGA,T
CUCUCAA,T
GUGAAA,T
GUGACA,T
CGAAAG,T
CUCCAGA,T
UGGGGCG,T
GUGAGA,T
UGACAC,T
GUAAUA,T
UGGGAA,T
UUCAAGU,T
UUCGAGC,T
GAAG,G
AUGCC,T
AUCCC,T
GUAACA,T
UGGAAC,T
UGCAAG,T
GUGA,G
GCGUAAUA,T
GCAA,G
AUAAUC,T
UGGAAA,T
