GGGAG$CAGAGAUC,K
GGA$GAAGAA,K
GGA$GUGGAU,K
GGA$AGAGAU,K
GGA$GAUGAA,K
UGA$CGUGAU,K
UGA$AUGAU,K
GA$ACAAA,K
GGA$GAAGAA,K
AUCA$GACGAC,K
AGUA$GCAGAUA,K
GA$AAUG,K
CGA$GUUUGAC,K
GGAA$AGGAA,K
AUGGAA$GGA,K
UGCGAA$GGA,K
GAUGAA$GGA,K
UUUGAA$GGA,K
GACGAA$CGA,K
GAUGAA$GGA,K
GAA$GGAG,K
CGGAGAA$GGAG,K
UGCGAA$GGA,K
AUGGAA$GGA,K
AAUGA$GA,K
CUAGACA$CGA,K
CUGUGAACC$GGGGAG,K
CAC$A,C
ACAA$G,C
CAC$AA,C
CAC$A,C
CAC$AA,C
ACAA$G,C
CGACC$AAA,C
ACAA$G,C
CAC$G,C
CACUC$GAAA,C
CGACC$AAA,C
CAA$G,C
CAC$G,C
CGACC$AAA,C
CAC$G,C
CAC$C,C
CAC$AA,C
CAA$G,C
CAC$C,C
GAACU$UAGUC,S
GAAC$CAAUA,S
GAAC$UAGUA,S
GAAC$CAGUA,S
GAAC$AAGUA,S
GAAC$UCAGUA,S
GAAC$CAGUA,S
GACC$CAGUA,S
GACC$CAGA,S
